,balance
2,676.2279917410499
3,3528.284496825767
4,894.7208959792931
5,539.5783126073575
6,1271.8255730580308
7,2327.7255595351417
8,1247.6180644699357
9,4053.515487870062
10,635.819385075299
11,699.0882302777052
12,846.8036147429116
13,649.2312724319033
14,831.6443301228705
15,809.8091430832756
16,582.9815910419925
17,634.1745011095344
18,673.5046985462667
19,507.7274348666332
20,936.3526394168924
21,631.1997520509021
22,785.0641708871277
23,825.3148866999263
24,1016.5459140648168
25,530.9378302228316
26,959.9077032350484
27,651.6017614391982
28,936.1033205714256
29,859.5371906688783
30,904.1556351819706
31,1040.7555042639551
32,1054.0020013760618
33,718.5156647057015
34,955.1401021440944
35,1130.5176942447977
36,1034.4602740266062
37,878.1219823161227
38,1471.086218560099
39,1788.807574474125
40,1260.267208177352
41,1224.7608727624315
42,1673.7246860765515
43,1583.0595854943815
44,1917.1586698576064
45,1872.4526369460832
46,1976.4142537590392
47,2255.870859588601
48,2029.8444873524668
49,2026.9431254285705
50,1754.360815331744
51,1904.5313345440404
52,1969.7164143630248
53,1669.8330899231532
54,1537.5667221459164
55,1758.214825778282
56,1809.3068266432704
57,1210.7485559355018
58,1864.6188955483844
59,1711.5768956379763
60,1913.086748775613
61,2180.6545627076043
62,2187.103805629296
63,1581.50336632767
64,1729.01798416239
65,1856.9916060763508
66,1770.3228198579066
67,1886.893918566816
68,1745.63963475365
69,1780.040913070077
70,1627.1772952403376
71,2187.698973582543
72,1901.041329791832
73,2621.5649828450696
74,2068.423076326136
75,2134.89824333474
76,1923.487617826187
77,1628.449320254858
78,1886.0355051846925
79,1700.8398482905486
80,1667.249292446959
81,1515.7226151409095
82,1780.9622240187744
83,1677.9814670663677
84,1920.749608228641
85,1465.2740488854324
86,1695.900599088989
87,1464.5798843267
88,1430.7528979625208
89,1354.3974974583673
90,1556.368509008339
91,1443.093607859961
92,1456.9803490676522
93,1479.4045637546917
94,1806.7174690263755
95,1359.3604483110446
96,1433.0984730082046
97,1318.082338775438
98,1265.9918138135674
99,1300.292650918051
101,1196.0620661704716
102,1155.9180326673095
103,1320.6157510746264
104,1511.549587008617
105,1694.599052425881
106,1401.0826640474688
107,1438.1321132878925
108,1639.8629394058753
109,1594.9487683624736
110,1721.037989245007
111,1564.625693561027
112,1659.4218050840605
113,1823.5924922252289
114,1621.819921653026
115,1427.2772891173445
116,1442.3676840104442
117,1513.3622962509903
118,1644.2858089522138
119,1454.5809753650065
120,1357.1181279471657
121,1354.116971765568
122,1270.029840899846
123,1301.2205752328578
124,1390.409074538505
125,1367.2898706366336
126,1268.4351356796392
127,1178.91821561687
128,1416.87015172258
129,1480.1371143350125
130,1386.1031559817936
131,1454.7763663601872
132,1685.0628758334133
133,1621.7216449298892
134,1666.118525164221
135,1817.637180171642
136,1752.4784964938035
137,1815.5268993735087
138,1537.648876805766
139,1504.8649350896471
140,1608.85078959663
141,1244.0053131291927
142,1322.7564853014042
143,1370.5656795575646
144,1449.0369429010009
145,1159.2335887327
146,1284.3010297609037
147,1293.1200561074525
148,1380.1119424974197
149,1262.0829282953837
150,1543.8840369733048
151,1538.2885631601175
152,1569.6223737324503
153,1730.7960099876382
154,1710.0652327344123
155,1953.438331129501
156,2004.3235906951647
157,1657.7867318123942
158,1681.4490433824076
159,1612.1749331250185
160,1655.774831962045
161,1731.6912307488756
162,1573.0248989266202
163,1718.509790866393
164,1625.589653795936
165,1532.6371182487587
166,1477.4500151063623
167,1499.9613451825155
168,1621.8947630286098
169,1730.428019532694
170,1501.6989066382234
171,1679.2967417708069
172,1902.2299057544924
173,2043.63049775862
174,2070.172838448368
175,2103.4167036725016
176,1849.54414443086
177,1790.369204618779
178,1759.2798028414293
179,1750.635990270221
180,1771.5238995174525
181,1974.5893358497945
182,1983.589267693617
183,1981.1989136924185
184,1942.4283657382225
185,1928.451980476684
186,1867.2517474955064
187,1835.7338193277408
188,1789.6715159853445
189,1899.024269142299
190,1848.79502485514
191,1933.244076415563
192,2039.786350227352
193,1969.908612094337
194,2069.392152522725
195,2298.4311437851097
196,1926.7387253356287
197,2204.592657014253
198,2100.176997993678
199,2069.775257316533
201,2148.130190545315
202,2584.312367369239
203,2375.659059465848
204,2236.7128409598054
205,2270.8625555010385
206,2179.0313355362923
207,2124.28743333381
208,1650.9700245069694
209,1998.4769909337288
210,2133.6634279862383
211,2035.3755713354053
212,2197.423105116831
213,2272.5601950902783
214,2273.5236101506744
215,2387.9007949948223
216,2560.6614510563413
217,2387.347147335414
218,2816.765003505197
219,2296.1534626805446
220,2177.781607816816
221,2393.309748808834
222,2277.437349647376
223,2132.3719461684805
224,2636.2766603342825
225,2616.8412877022843
226,2603.9303021688493
227,2515.929140087126
228,2629.2310686569176
229,2154.2859494584263
230,2540.929148216286
231,2281.206689723929
232,2564.1149736269854
233,2516.726151998325
234,2683.266601957549
235,2968.670885122154
236,2809.6472007015013
237,2387.133352132895
238,2499.950598516424
239,2583.9823058172133
240,2406.9604707408125
241,2486.768454135381
242,2801.673109035546
243,2876.4112576504217
244,2399.505523213847
245,2296.9183203915723
246,2362.514516014926
247,2234.0539504332337
248,2391.3431902584425
249,2445.688034119177
250,2268.5677775468657
251,2024.0659352957373
252,2087.9865823544656
253,2194.1268590302643
254,2505.830524882153
255,2131.7748718363164
256,2301.700758612553
257,2205.751513093668
258,2463.990775018736
259,3578.690790113622
260,2520.5468009576784
261,2972.638927803622
262,2953.274822625578
263,3044.540844750617
264,3167.346683278405
265,2962.4822876649
266,3055.915164493351
267,3380.362174316244
268,3254.3620913386885
269,2854.6730867151505
270,2978.775794033508
271,2961.667493160563
272,3136.314885263896
273,3092.969546304756
274,2827.9069507273407
275,3249.574464174966
276,2910.384338049898
277,2627.1075341360934
278,2989.768970405046
279,2912.9512509782894
280,2628.507954712148
281,2635.0649607770792
282,2680.435896839102
283,2905.112911661573
284,2493.3800930233383
285,2800.210948921111
286,2709.542072302212
287,2651.23394444351
288,2615.8230033915324
289,2306.003651921509
290,2757.6110142830844
291,2758.692620808715
292,2627.208825084545
293,2649.685444143316
294,2829.596139729026
295,2923.958645331428
296,2999.494781450361
297,2939.0252013973286
298,2998.549586891528
299,3137.7806152312974
301,3168.6567431854824
302,2894.169893059081
303,2570.2113977002755
304,2885.599966901412
305,3190.744610228985
306,3141.349895043991
307,2760.3970419802617
308,2871.7666282621194
309,2509.0322569760674
310,2483.933001523092
311,2589.736742528987
312,2668.360335827735
313,2751.8255151036365
314,2841.580663125741
315,2793.60041496587
316,2796.3684513456847
317,2476.913808322274
318,2378.139544614739
319,2520.585141290775
320,2785.182114718488
321,2461.216631668329
322,2611.892898716231
323,2330.514422313725
324,2331.490269012505
325,2326.213712082985
326,2528.424531643542
327,2649.771988683132
328,2783.200577252728
329,2884.9901799686486
330,2794.1214202718
331,2756.101793858001
332,2727.4622545346924
333,2900.9918365341755
334,2973.311943692758
335,2809.3943552566006
336,2894.4343559206127
337,2673.829645638295
338,2876.6941312030485
339,2898.3142548428204
340,2843.1145501026967
341,2634.763261493016
342,2453.875962416795
343,2807.7028313717738
344,2569.839299142007
345,2607.131208279283
346,2406.2072968621
347,2307.3956780686985
348,2237.182625633018
349,2034.883183019604
350,2279.3588002984075
351,2345.9242944029074
352,2351.797849258028
353,2430.200018440831
354,2328.39824669087
355,2515.4736896015534
356,2665.1286336509834
357,2602.17108116491
358,2487.3923264022483
359,2574.7105203258766
360,2389.3066645932213
361,2153.108647886384
362,2663.6542889107222
363,2347.518949978149
364,2515.752471493769
365,2415.3072767115887
366,2610.86307502824
367,2675.264826510742
368,2505.188067732136
369,2423.958122876661
370,2500.050947266712
371,2139.7585542607285
372,3148.993383190288
373,2182.525005773031
374,2429.567561145029
375,2357.851146422824
376,2343.8756661065527
377,2546.921738851062
378,2636.150914830924
379,2581.0166386323976
380,2737.571219211379
381,2475.411249431248
382,2423.2388938139475
383,2387.7954774031914
384,2570.947363440744
385,2458.696953755783
386,2175.8741258684486
387,2230.577193808233
388,2173.1046391803843
389,2308.747705462765
390,2255.366823422384
391,2151.768997275637
392,1977.219902152828
393,2207.026124535928
394,2161.2455821720127
395,2178.5393874031006
396,2275.517414261373
397,2386.209386843794
398,2388.2277461173544
399,2434.95521884808
401,2469.2076848934994
402,2445.467853822783
403,2328.3080719822783
404,2245.604628373604
405,2494.803150760375
406,2488.746323544262
407,2323.9186605586165
408,2399.9014504097004
409,2249.157513342444
410,2451.479271256469
411,2136.524502361971
412,2504.0531136884592
413,2351.6844020035496
414,2584.8866876809407
415,2437.5485324558504
416,2448.976824740406
417,2361.244414759904
418,2422.911857253605
419,2565.5629077808594
420,2719.5795289238404
421,2510.648796052562
422,2381.498647716473
423,2634.517634302384
424,2482.2508095274643
425,2510.1774087464773
426,2325.9288323050973
427,2467.3580581952133
428,2566.4737858043136
429,2553.153609615508
430,2451.754496221844
431,2410.79881705197
432,2510.5878286170737
433,2288.581651642865
434,2452.5841122635434
435,2223.5884352875323
436,2432.9628905296013
437,2211.281157760224
438,2434.9235384022018
439,2365.5558005110965
440,2477.9083072168564
441,2506.4200638472485
442,2911.987895439369
443,2303.39968517551
444,2704.91108731042
445,2231.560057633123
446,2564.3515150691464
447,2359.593423343735
448,2606.65742845228
449,2753.621319946688
450,3030.331171335908
451,2409.496454725073
452,2911.997358996274
453,2449.177833018156
454,2852.718824725124
455,2529.926507598443
456,2704.388376145745
457,2163.873909833901
458,2698.894675147997
459,2524.380234506554
460,2606.574765826066
461,2399.724602801939
462,2663.2672102678243
463,2739.834615844729
464,2995.5511133673654
465,2766.954831591043
466,3110.927582865981
467,2501.625800558196
468,3031.275133438924
469,2932.929879744568
470,2858.677462167286
471,2645.758625236631
472,3337.002058498866
473,3027.922257169493
474,3986.671379391635
475,3042.2523855608297
476,3815.739516153394
477,3327.649612166841
478,3619.5135725127057
479,3021.496203424316
480,3605.148624814775
481,3305.21645994729
482,3786.517932385367
483,3200.402820895505
484,3159.8877586267845
485,3022.099590952103
486,3351.1660558370804
487,2984.5945001047376
488,3599.6661233452505
489,3140.627866794513
490,3682.566741737287
491,3374.8221046326707
492,3490.9919291040337
493,3418.0831662033006
494,3815.021825627887
495,2895.6320113311945
496,3960.567307699444
497,3266.4755498816203
498,3751.0668874390462
499,3247.1184010262486
501,3134.2030656599
502,3950.1980985560704
503,3058.9816500813567
504,3413.38491164678
505,2867.488035565726
506,3766.7308087323377
507,3338.299531178497
508,3880.7208086310407
509,3390.9427582484072
510,3542.9959862384485
511,3445.277630545201
512,3400.5488666625315
513,3930.896097331053
514,4072.889370433583
515,3571.827566437016
516,3207.7612002913947
517,3242.236642884552
518,3551.177561452405
519,3201.388284821905
520,3450.104239960646
521,3054.705852989208
522,3277.502163190281
523,3213.4053378685694
524,3048.516817338675
525,3431.060646881217
526,3528.6758765674044
527,3484.057573414421
528,4070.152848780983
529,3571.720691411864
530,3901.9230817994994
531,3574.968163257113
532,3510.661755373588
533,4816.07001419795
534,4656.43759548079
535,3792.91430630058
536,4583.315083211278
537,3797.432567743874
538,3680.954700037492
539,3440.47253332966
540,3896.769671125373
541,3653.441124941357
542,4268.215980472788
543,3707.9460003459135
544,4623.52919934523
545,3642.22381679539
546,3628.835145401771
547,3758.650059627282
548,3986.056067461717
549,3638.3443267521616
550,4122.3425022249285
551,3901.343661548367
552,4395.701290092812
553,4350.645484843055
554,4229.151790060769
555,4018.946836089677
556,3560.045989471071
557,3247.85258566146
558,3686.421541271892
559,2924.2551898843026
560,2979.7950383016296
561,2998.2622262305176
562,2785.954336225894
563,2806.727000312138
564,2739.1847243024204
565,2913.584083346845
566,2738.268479789973
567,2711.0763599352545
568,2703.409739512447
569,2473.1791494537947
570,2219.231344795005
571,2727.2822282005063
572,2420.139635885925
573,2385.461993463471
574,2546.651602208064
575,2334.989785821522
576,2383.954869898184
577,2479.548192421624
578,2248.93262110514
579,2316.7744927157005
580,2371.724940915623
581,2347.235736778911
582,2177.373331639031
583,2372.029489740231
584,2333.984045306988
585,2552.793254371087
586,2737.615543460015
587,2678.744840497768
588,2916.79611047155
589,3040.4347407306245
590,3059.644816027682
591,3014.1305473573466
592,3033.1563982104485
593,3296.4482423378795
594,2920.2280800089966
595,3053.510805218752
596,2969.578657630649
597,3051.090185593988
598,3070.8367023137625
599,3255.4307489807893
601,3172.9762661724053
602,2913.306884884775
603,2816.734711216576
604,3132.061601529238
605,2915.764854395773
606,2879.1646549689594
607,3021.242990839009
608,2723.6971367812603
609,2645.4405211885314
610,2810.784866177228
611,2987.1507303331
612,2931.5985455185114
613,2780.231322083384
614,2531.1267179375527
615,2716.980152798528
616,2647.977512516927
617,2546.63688180901
618,2477.9678086409285
619,2648.459532786902
620,2815.57657194
621,2759.169853731277
622,2596.639086505729
623,3073.4879081813697
624,2866.7029127185965
625,2918.242607483453
626,2907.6754218129818
627,2713.123333172482
628,2688.113622974713
629,2778.296989522222
630,2660.7128705598325
631,2815.022668028376
632,2646.914180115235
633,2586.599019436967
634,2674.9844158355936
635,2575.554356519372
636,2467.373875253601
637,2700.502704502436
638,2804.1588791832573
639,2810.924672390251
640,2740.8109691205104
641,2728.483403549569
642,2881.7055224070955
643,2957.373980153547
644,2607.122459523008
645,3150.3274520586
646,3114.541059303914
647,2974.1169155765133
648,3067.56462003692
649,3363.7818804473736
650,3227.625162509607
651,3065.3771545115383
652,2880.6687841827
653,2966.7154623290216
654,2720.5028591485266
655,2651.047811182268
656,2809.9022415448744
657,3014.6639279133
658,3121.606854003749
659,2730.054041550794
660,2386.290926496878
661,2668.913015408493
662,2502.9299181761685
663,2592.953091041857
664,2617.921142044392
665,2895.1750578841584
666,2560.169642210089
667,2671.005989953418
668,2647.970627483478
669,2863.958035949129
670,2367.6294006334965
671,2791.8550073311594
672,2631.33154285944
673,2934.3971838160724
674,2641.182659008453
675,2770.639548075898
676,2398.600633333322
677,3101.346074683523
678,2813.0134470162907
679,3083.38626440069
680,2861.8279163113684
681,2936.3084219231864
682,2411.188223936302
683,3132.7717131930376
684,2866.199216611696
685,3610.177331725664
686,3431.6399640227355
687,3745.241711159928
688,3119.402107159693
689,3216.0106687591547
690,2972.137918197172
691,3323.1600082735467
692,3012.2347978675907
693,2990.990544002938
694,2950.8113267244653
695,3074.0772350237417
696,2908.061540661326
697,2852.6296301825687
698,2770.502168729212
699,2924.5560671202384
701,2473.711712368956
702,2254.836783929267
703,2526.861208355396
704,2440.5638820360496
705,2655.2678780450688
706,2668.017521112743
707,2568.8890433922065
708,2609.2059268129706
709,2397.346841052253
710,2538.4031245135443
711,2260.476316772877
712,2453.505723259903
713,2216.461756438629
714,2439.8737017921985
715,2345.8385146034825
716,2445.6078332452025
717,2574.831898725236
718,2845.693409959837
719,2895.8721016118297
720,2563.584370276701
721,2757.132292755576
722,2319.9291641658647
723,2615.7603441043693
724,2684.4260571532423
725,2773.4809266548145
726,2705.2982217334866
727,2541.8014314948227
728,2397.616746496985
729,2689.5181745117734
730,2587.1471563324326
731,2683.675578612576
732,2415.6834172585955
733,2362.1771322713103
734,2691.67243543954
735,2439.927505012848
736,2593.623476829656
737,2381.860671889516
738,2308.0129296284267
739,2222.13314506948
740,2502.039117349529
741,2383.499281608379
742,2161.453459700112
743,2445.002169838046
744,2159.818859582561
745,2276.9073632696964
746,2237.597963898491
747,2499.2475651669306
748,2311.6811392226577
749,2573.7946658750734
750,2473.3493641875666
751,2196.0179627889647
752,2264.9731215722254
753,2543.540760476848
754,2323.123922858358
755,2671.7276014016425
756,2349.775190746073
757,2435.3683621433265
758,2327.645719277931
759,2627.855759167686
760,2470.4373401888624
761,2408.6058946329385
762,2358.8714083194523
763,2411.623199180949
764,2684.0181290060987
765,2522.385084819556
766,2110.2680654286155
767,2160.4833408676545
768,2324.3350000320384
769,2392.223342170077
770,2318.0028160161764
771,1894.5570349739223
772,2110.029485331954
773,2269.13937992344
774,2347.4579759813696
775,2233.444260967692
776,2258.701799827983
777,2520.588651503524
778,2461.35227793731
779,2300.011523036641
780,2532.4273843673186
781,2343.8240004371564
782,2485.592522562027
783,2407.4963125562786
784,2458.2654833922734
785,2354.875176103622
786,2706.830061391154
787,2639.041014470208
788,2729.9937022464915
789,2494.259375073864
790,2428.8448778972256
791,2406.1912671259515
792,2400.504120199651
793,2410.8583271807984
794,2360.9696517516463
795,2482.352896165947
796,2445.934709193132
797,2473.755891229184
798,2386.0030939445573
799,2406.334122349045
801,2551.959775531798
802,2466.908548001071
803,2419.7888228435613
804,2420.4665729436038
805,2416.811063546028
806,2490.694933445347
807,2658.107990634047
808,2375.4260041064163
809,2458.778006537995
810,2484.964172939697
811,2153.8778213418263
812,2451.5659722557643
813,2386.131157389253
814,2318.1698440352425
815,3116.3741146539487
816,2420.582442283894
817,2319.5324763852905
818,1908.9723026320364
819,2161.2038377660706
820,2281.160316713938
821,2270.5370894549296
822,2177.9126814186247
823,2067.079612421687
824,2193.967437233972
825,2039.851720768615
826,2179.471060315627
827,1857.3512325449155
828,2232.0512905991486
829,2056.500570085246
830,2155.87643397644
831,2172.153985580348
832,2198.0963188656806
833,2000.512090822844
834,1978.9829707885128
835,2126.1756067948195
836,2111.3498911844517
837,2195.831380800308
838,2137.899760139434
839,2173.810627885514
840,2220.175994828927
841,2218.672544633842
842,2023.8659257116
843,1934.7720869239404
844,1930.3152381905293
845,1994.6155256317008
846,1992.6478743734103
847,2050.722859890846
848,2025.852053369466
849,2113.397862251913
850,2141.1087472811514
851,2062.6974644866496
852,2100.698233351206
853,2133.2315831643155
854,1966.722304747784
855,2083.843752006465
856,2231.3815098266496
857,2103.201767889464
858,2127.4937114859817
859,1999.471490200928
860,2030.4586728583429
861,2793.251751379108
862,2064.6528167054976
863,1962.041256657957
864,1983.323263138304
865,2051.9687023401543
866,2022.5766325540856
867,1965.6508696827736
868,2035.4528810806316
869,2038.3382281340944
870,1934.902890835653
871,1796.2876084220063
872,1926.849501467339
873,1842.4127666111308
874,1901.3039575702053
875,1916.465804390932
876,1912.686879899348
877,1683.4806661527796
878,1857.0205991921853
879,1738.7388998793974
880,1713.3521444711478
881,1653.939526518912
882,1719.1835776048104
883,1785.0596174091766
884,1815.102356058
885,1752.1901167967867
886,1803.9003166399968
887,1736.1120015299423
888,1689.766950885877
889,1640.284347368914
890,1482.5231722427568
891,1766.0235867663296
892,1886.753781599928
893,1659.285571938021
894,1718.9970813775967
895,1779.0573652855471
896,1851.3056883989304
897,1613.08848212051
898,1646.181344326601
899,1727.6608326914186
901,1562.700019695615
902,1631.3132507299795
903,1721.0241536728954
904,1625.8645537581342
905,1623.2654816876147
906,1734.9790479171763
907,1580.9884195346326
908,1375.4203228081706
909,1576.8709969419556
910,1475.6975257887502
911,1553.7772350410314
912,1536.4339283897175
913,1538.8155192115194
914,1533.5418312730749
915,1600.4669506369023
916,1636.243828286019
917,1545.8797454574265
918,1488.331878117888
919,1448.4919088838546
920,1481.2311853771034
921,1402.4004410449602
922,1408.0391392090853
923,1469.884521325658
924,1457.1140668445717
925,1528.2782000246814
926,1569.058065600841
927,1593.1995515459332
928,1505.6699256460595
929,1514.497243751407
930,1526.4586398745648
931,1554.503952311255
932,949.0069666144261
933,1555.7799964182896
934,1301.1003021662118
935,1213.1647507098037
936,1242.860571872418
937,1289.3394820983297
938,1206.7246714928613
939,1060.598086251709
940,1153.8522310622225
941,1196.2848330667443
942,1083.9599200115597
943,1141.5959214824277
944,1028.5056806574917
945,1205.359371931602
946,1036.4719678864246
947,1025.8550646031101
948,1204.169324067234
949,1241.6217024074472
950,1120.2669176627098
951,1234.69061624513
952,1176.506482679541
953,1204.9107124504449
954,1262.3327178778777
955,1256.9586866237241
956,1331.4379030485052
957,1275.9280211243185
958,1242.904398673743
959,1216.4430194712922
960,1289.2720925986507
961,1250.8057341812196
962,1304.8658395612931
963,1238.6145143271115
964,1209.7632347328852
965,1219.202279448853
966,1224.1265534117529
967,1158.2163011935847
968,1131.9114396509603
969,1180.573634303558
970,1174.8380587771173
971,1122.1738678653853
972,1186.2833192371966
973,1227.2818180352062
974,1208.6465470845578
975,1215.2222009871512
976,1193.7561362399938
977,1223.1025547797901
978,1141.7608412591471
979,1178.928080423727
980,1117.8387990588258
981,1169.5419037177608
982,1227.5828341503316
983,1274.5599345215167
984,1204.112385902151
985,1267.7711506114401
986,1222.9091334194743
987,1229.7273869072383
988,1266.0243268204204
989,1228.0112312336248
990,1167.7945542322925
991,1203.4958308149332
992,1231.3022095984663
993,1243.4539460923652
994,1219.6211004681695
995,1415.5601053385053
996,1309.1355552125783
997,1493.0901829103527
998,1355.4842020234971
999,1238.5720532479054
